,0
0,AAAGAAGCCACGGAC_U
1,AAAGATCGCACCATT_U
2,AAAGATGCGTAGGAT_U
3,AAAGCAAGGTTCTTA_U
4,AAAGGACGAAACTAA_U
5,AAAGGTGGCAGCATA_U
6,AAAGGTTCCAGGCAA_U
7,AAAGGTTCCTGCTTC_U
8,AAAGTAGGAAAGGAG_U
9,AAAGTTCGAATGAAA_U
10,AACCAATCGAAGTAT_U
11,AACCATGGCAAGAAA_U
12,AACCCATGGATCGTT_U
13,AACCGTAGGAGCGTG_U
14,AACCTTTCTAAGGAC_U
15,AACGAAGCCTACCAT_U
16,AACGATGGAAAGGTA_U
17,AACGCTGGCAACCAC_U
18,AACGGAGGTTGCAAA_U
19,AACGTACGGTTGGTT_U
20,AAGCATAGTATGGAC_U
21,AAGCCAAGGATCAAG_U
22,AAGCCATGGTTCATA_U
23,AAGCTAGGGAGGATT_U
24,AAGGCTAGAAGGAAG_U
25,AAGGCTGGCAGCATT_U
26,AAGGGACGATTCAAT_U
27,AAGGTTCCGTTGGTG_U
28,AATCATGCAACGGTG_U
29,AATGAAACAATCTAT_U
30,AATGAATCTATGGAG_U
31,AATGTTTCTACGATT_U
32,AATGTTTGCATGGAT_U
33,ATACAATGTATGGTT_U
34,ATACCTAGTTCGATT_U
35,ATAGAACCATTGGTC_U
36,ATAGTAGCATGGGTT_U
37,ATCCCATGTAGCCTT_U
38,ATCCCTCGGTGGTTA_U
39,ATCCGAGCATTGAAT_U
40,ATCCTACCGAACTTT_U
41,ATCGTTCCATTCTAT_U
42,ATCGTTTGGTTGTTT_U
43,ATGGCTTGTATGGAG_U
44,ATGGTTGGTTACTTT_U
45,ATTCATAGGACGTAG_U
46,ATTCTAAGAAAGCAG_U
47,ATTGGTGCTACGGTT_U
48,ATTGGTTGATTCAAA_U
49,CAACAAACGATGTAT_U
50,CAACTATCTTTCATA_U
51,CAAGGAGGGAGCGAA_U
52,CACCAATCTATCAAG_U
53,CACCATCCTTGCGTA_U
54,CACCTTAGCACGTAG_U
55,CACCTTTGGAGCTAG_U
56,CACGGACGTTGCTTA_U
57,CACGTTTGAATGTTG_U
58,CAGCCAACATGCAAG_U
59,CAGCTTACCATGATC_U
60,CAGGTAACGAGCTAA_U
61,CAGGTATCGTACCTC_U
62,CATCAACCCTCCTTG_U
63,CATCGATGAACGGAG_U
64,CATGCAGCCATGTTC_U
65,CATGGTTGTTTGGTG_U
66,CTACCACCATGGTTG_U
67,CTAGTATCCAGCCTG_U
68,CTCCAATCTTGCGTG_U
69,CTCCTTTGTAGGGAC_U
70,CTCGCATGAAGGTAC_U
71,CTCGTAGGGATGGAT_U
72,CTGCAAGGTTGCTAT_U
73,CTGCTTGGGTTGTAA_U
74,CTGGATAGTTTGGAC_U
75,CTTCTACCCTGCGTT_U
76,CTTGCAGGATGCGTT_U
77,CTTGGTACATTGTTT_U
78,GAAGGTGGCAGCGAC_U
79,GAAGTATCTTGCCTA_U
80,GAAGTATGTATGCTT_U
81,GACCTTCCATTCGTC_U
82,GACGGAACGAGCAAG_U
83,GACGGATGAAACTAT_U
84,GACGGTACTTTCGAG_U
85,GAGCCATGGTGGAAT_U
86,GAGCTTACCAACATT_U
87,GAGGTTAGGTGGCAC_U
88,GAGGTTGGCTCGCAT_U
89,GATCGAACATAGAAG_U
90,GATCGACCCATGGTC_U
91,GATGCATGGAGGTAA_U
92,GATGCTAGTAAGGAA_U
93,GATGGTAGTACGTAC_U
94,GTACCTGCTTCGCTT_U
95,GTACGTTCAACGGAA_U
96,GTACTAACGTACTAT_U
97,GTAGATCGTTGGAAG_U
98,GTAGCACGTATGGTC_U
99,GTAGCTACGACCTTG_U
100,GTAGGTTCCACGAAA_U
101,GTAGTAGGGACCGAT_U
102,GTAGTATGGAGCCAC_U
103,GTCCAAGCCACGATT_U
104,GTCCAATCTATCCTA_U
105,GTCCCTAGAATCGAT_U
106,GTCCGTACTTGGGAT_U
107,GTCGTAAGTACGCTA_U
108,GTCGTACGTATGTAT_U
109,GTGCGTGGTTGGATT_U
110,GTGGATACCAAGTAT_U
111,GTGGGAGGTAACGAT_U
112,GTGGGTGCATCGGAC_U
113,GTTCATCGGTGCTTT_U
114,GTTCCTGGTATGATA_U
115,GTTGCATGCTGCCAT_U
116,TAACCTGGGTGGCAC_U
117,TAACTTACATGGAAT_U
118,TAAGAACGGTGGGAG_U
119,TAAGCATGCTTCTAA_U
120,TAAGCATGGATGTTA_U
121,TACCATCGTTGCCAA_U
122,TACCTATGTTTCTAC_U
123,TACGCACCCATGTAA_U
124,TACGTACGGTGGCAG_U
125,TACGTTTGTTTGATT_U
126,TAGCAATCTTTCAAA_U
127,TAGCATGGAAGGCAT_U
128,TAGCGTTCGATGGAC_U
129,TAGCTTTGATCGCAC_U
130,TAGGAAGGGTGGTTC_U
131,TAGGCAGCATAGGTA_U
132,TAGGCTAGTTGCCAC_U
133,TAGGGTGCGATCTAT_U
134,TATCAACCCTTCATA_U
135,TATGCAAGTATGCAT_U
136,TATGCACGCTTCCAG_U
137,TATGCTGGTTAGATG_U
138,TATGTTACAATCTTG_U
139,TTACAATGTTTCCAG_U
140,TTACCTGGGTTCAAG_U
141,TTACTACCCAACAAT_U
142,TTAGATACTTGCGTT_U
143,TTAGCACCGAGGGAT_U
144,TTAGGTGGTAGCCTT_U
145,TTCCAAGCGTTGAAT_U
146,TTCCATTGGTTCATC_U
147,TTGCATACTAGCAAG_U
148,TTGCTTCCGTAGTAG_U
149,TTGGAATCAATGGTG_U
150,TTGGATTGTATGTTG_U
151,TTGGCAGCCATGATA_U
152,TTGGCATCTAGGCAA_U
153,TTGGGTGGATAGCTC_U
154,TTTCAAGCATTGTTT_U
155,TTTCAATGTTACGTT_U
156,TTTCGAAGTTCCATC_U
157,TTTCTAAGGACGCTT_U
158,TTTCTTAGTTAGATG_U
159,TTTCTTTGGAGGTAT_U
160,TTTGATTCATCCTAT_U
161,TTTGCACGGTAGGTA_U
162,TTTGCAGGCATGGAT_U
163,TTTGCATGAAGGATC_U
164,TTTGCTTCTATGCTT_U
165,TTTGGTAGCAGGTTT_U
166,TTTGGTGCTTTCTTG_U
167,TTTGGTGGTTAGAAG_U
168,TTTGGTTCGACCATG_U
169,AACACCTTGAGGGAG_P
170,AACACGTTGTCGGTG_P
171,AACAGTAAGTTAGTG_P
172,AAGACGTACAGGCTC_P
173,AAGTCATTGAGTCAC_P
174,AAGTGGAACTCACAG_P
175,ACGACAGTCATAGTC_P
176,AGCAGAGTGTAGGAC_P
177,AGCAGCTTGATGGAC_P
178,AGCTGGCTCACGCTG_P
179,AGGACAATGAAAGTC_P
180,AGGAGCTAGAGGGTC_P
181,AGGTCTCAGATTCTC_P
182,AGGTGATTGTCGGAG_P
183,AGGTGTTACACTGAG_P
184,ATCAGAGTGTGCCAC_P
185,ATCAGTATGAGTGTC_P
186,ATCTCATTGAATGAG_P
187,ATCTCGGTGTCTCTG_P
188,ATCTGATAGAGCCAG_P
189,ATCTGATTCTTCCTG_P
190,ATCTGGTTCTGGCAC_P
191,ATGTCTTAGTGTGAC_P
192,ATGTGAAACTCGCTC_P
193,ATGTGGTAGAATGTC_P
194,ATGTGTGTGTCTCAC_P
195,CACACATTCTGTGTG_P
196,CACTGCGTGTAGGAG_P
197,CAGTGACTCTGTGTG_P
198,CAGTGCAACTCGCTG_P
199,CAGTGCTTCTGCCTC_P
200,CCCAGTGTGTGTCTG_P
201,CCCTCGATCTTACTG_P
202,CCCTGGTTGTCTGTG_P
203,CCCTGTATCAACGTC_P
204,CCCTGTTTCTTTCAG_P
205,CGCACAATCTCGCTC_P
206,CGCAGCGTGTATCTG_P
207,CGCAGTGAGTATGTG_P
208,CGCTCAATGTTAGAC_P
209,CGCTGAATCATTGTG_P
210,CGGAGTTTCAACGTG_P
211,CGGTGAAAGAAAGTC_P
212,CGGTGTTTCTGGCAC_P
213,CTCACAGACTTCGAC_P
214,CTCACCGTCTAGGAG_P
215,CTCACGCTGTGTGTG_P
216,CTCTCTCTCACCCTG_P
217,CTCTGTGACTCGCAC_P
218,CTGAGTCAGTGTCTC_P
219,CTGTGATTGAGTCTC_P
220,CTGTGGTAGTTTGTG_P
221,GACAGGATGTCAGTG_P
222,GACAGGTTCTCCCTC_P
223,GACTCGGTCAGACAC_P
224,GACTGACACACGGAC_P
225,GAGACGTTGAGCGTG_P
226,GAGAGGGTGTTCGAC_P
227,GAGAGTTACTGTCTG_P
228,GAGTCGAACACTCTG_P
229,GAGTCGATGATTGTG_P
230,GAGTCTATCTCGCAC_P
231,GAGTGAGTCACAGTG_P
232,GAGTGGGACACGCAG_P
233,GCCACACTCATTCAG_P
234,GCCACGGTGTGCGAG_P
235,GCCAGCTTCAAGGTG_P
236,GCCAGTTACTTTGTG_P
237,GCCTGCGTCTCTCAG_P
238,GCGACTTTGTTGCTG_P
239,GCGTCAATGTTCGAG_P
240,GCGTCCCAGTAGGAG_P
241,GGCACTTTGATACAC_P
242,GGCAGTCACACTCTC_P
243,GGGACATACTCTCAG_P
244,GGGACGGTCATTGTG_P
245,GGGAGAGAGAGTCTG_P
246,GGGTGGCAGTCCCTG_P
247,GGGTGGTACTCAGAG_P
248,GTCACACTCTCTGTC_P
249,GTCACCGTGTTACAC_P
250,GTCTCCCAGAGCCTG_P
251,GTCTCGAAGACTCTC_P
252,GTCTCGGTGTGACAG_P
253,GTCTGTTTCAGGGAG_P
254,GTGAGGGAGTAAGAC_P
255,GTGAGGTACTGGGTG_P
256,GTGAGTCAGAGGCAG_P
257,GTGTGCGTGAGCGTC_P
258,GTGTGCTAGATTCTC_P
259,TACACCCAGATGGAC_P
260,TACACTCACTGGGAC_P
261,TACAGGCTGTACGTC_P
262,TACTGGGTGACGGAC_P
263,TAGACCTTCTGAGAG_P
264,TAGAGGCTGAGCCTG_P
265,TAGTCCAACTATGTC_P
266,TAGTGATTCAATGTG_P
267,TAGTGATTGAGCGAC_P
268,TCCACTGAGAGACTG_P
269,TCCTCCATGTTAGAC_P
270,TCCTGAGTGATTGTC_P
271,TCGACGGAGTGAGAG_P
272,TCGAGCTAGTTGGAC_P
273,TCGTCCTACTGACTC_P
274,TCGTCTGACACTGAG_P
275,TGCACTCTGATTGAG_P
276,TGCTCATTGTACCAC_P
277,TGCTCGGACTCTGAG_P
278,TGGAGCCAGTAACAG_P
279,TGGAGTCTCTGGCTC_P
280,TGGAGTTACATCCAC_P
281,TGGTCGATGTAGCTC_P
282,TGGTCTGACAATGAG_P
283,TGGTGAGAGTATGTG_P
284,TGGTGAGTGACGGAC_P
285,TGGTGCCAGTGGCTG_P
286,TTCACCAAGTATGTG_P
287,TTCAGGGTGATACAG_P
288,TTCAGTATCTACGTC_P
289,TTCAGTGTGTAAGAG_P
290,TTCTCGATCATTGAG_P
291,TTCTGATACTAAGAG_P
292,TTCTGCCTCACGGAG_P
293,TTCTGGTAGTCACTC_P
294,TTGACGGACTGGGAC_P
295,TTGAGCGAGTGTGAG_P
296,TTGAGCGTCTCAGTG_P
297,TTGTCAATGAATCAG_P
298,TTGTCGCTGTGCCTC_P
299,TTGTCGTTGACTGAC_P
300,TTGTCTGAGTTTCTG_P
301,TTGTGAATGTCGGAC_P
302,TTGTGGCTCTTACTG_P
303,TTGTGGTTCTGTGTC_P
304,TTGTGTATCACCCTG_P
305,AATGAAGCGTTCGTA_U
306,CAAGATTCAATGCAG_U
307,CACGTAGGGAGGGTC_U
308,CTACCTGCAATGGAA_U
309,GTAGAAACAATGTTG_U
310,TATCCAGGAACGAAG_U
311,ACGTCACAGAATCTC_P
312,AGCTGAGACAACCTC_P
313,ATCAGCTAGAAAGAG_P
314,CCCAGGGACATTCAC_P
315,CCGAGTTAGAATCAG_P
316,CTGTGTTACATGGTG_P
317,GACAGAGTGTCCCTG_P
318,GGCTCCTAGAACCAC_P
319,GGCTGGTTCTAGCTG_P
320,TACTGCCTCTGTGAG_P
321,TAGACCTTGTCACAG_P
322,TAGTGGCTGTTGCTC_P
323,TGGTCTGAGTGAGAC_P
324,TGGTGAGTCAGTGTC_P
325,TTGTGGCTCTGGCTC_P
326,GGGTGGGACTTGCAG_P
327,AACACCGAGATAGAC_1
328,AACACGATGTGCCTG_1
329,AACAGGAAGTTGCAG_1
330,AACAGGTACTTTCAC_1
331,AACAGTAAGTCGGAG_1
332,AACAGTTAGAAAGTG_1
333,AACTCCCACAAGCTC_1
334,AACTCGATGTATCTG_1
335,AACTCGCACTGGGAG_1
336,AACTGACACACAGTG_1
337,AAGACAAACAGTGAC_1
338,AAGACCATCACGCTC_1
339,AAGACGCACACGCAG_1
340,AAGACTTAGTCGCAG_1
341,AAGAGCATGTTCGAG_1
342,AAGAGCCAGTGCCAG_1
343,AAGAGTATGTACGAG_1
344,AAGAGTGTGTCGGAC_1
345,AAGTCAATCAAGCAG_1
346,AAGTCAGAGAGGCTG_1
347,AAGTCGGAGTGACAC_1
348,AAGTCTTACACTGAG_1
349,AAGTGAGTGTTAGAC_1
350,AAGTGGCACAAGGAG_1
351,AAGTGGTAGTCGCTC_1
352,ACCACGGTGACTCAC_1
353,ACCACTCTGAGAGTG_1
354,ACCAGGTAGTTTCAG_1
355,ACCAGTAAGTGTGTG_1
356,ACCTCGTACATGGTG_1
357,ACCTGAGTGTTGGTC_1
358,ACCTGATTCTTCCAC_1
359,ACCTGCGTGTATGTC_1
360,ACCTGGAACTTCCAG_1
361,ACCTGGCAGTCAGTG_1
362,ACCTGTATCTTGCAC_1
363,ACGACGCTCTAGGAC_1
364,ACGACTGAGAGTGAC_1
365,ACGACTTTGACTGAG_1
366,ACGAGCGAGTTACAC_1
367,ACGAGGGTGACCCAG_1
368,ACGTCGCTCTTCGTG_1
369,ACGTGAAACTTAGTG_1
370,ACGTGACACTATGTG_1
371,ACGTGCCACTGTCTC_1
372,ACGTGGGTCTCGGAG_1
373,ACGTGTCAGTCAGAC_1
374,AGCAGAGTCTCACTG_1
375,AGCAGCGTGTCCCAC_1
376,AGCTCAGACTTAGAG_1
377,AGCTCAGAGACCCAG_1
378,AGCTCAGTGTAGGAG_1
379,AGCTCAGTGTTAGAG_1
380,AGCTCCTTGTGACAG_1
381,AGCTCGGTGAGCCAC_1
382,AGCTCGTTGTGGGTC_1
383,AGCTGCGACAAGGAG_1
384,AGCTGGATGACTGAC_1
385,AGCTGGTACAGCGAC_1
386,AGCTGTTAGTGGCTC_1
387,AGGACCTTGTTTCAC_1
388,AGGACGATGTTTCTG_1
389,AGGACTTTGTTCCAC_1
390,AGGAGATACTGGCTG_1
391,AGGAGCCTCTATCTC_1
392,AGGAGGCACAGTCTC_1
393,AGGAGGGACATTCAG_1
394,AGGAGGGAGAAACAG_1
395,AGGAGTGTGAGGGAG_1
396,AGGTCACTCAACGTG_1
397,AGGTCAGTGTGGGAG_1
398,AGGTGACTCATCCAG_1
399,AGGTGGAACAACGAC_1
400,AGGTGGATCTTAGTG_1
401,AGGTGGATGTCCCTG_1
402,AGGTGTTTGTGTCTC_1
403,ATCAGGCTGATAGTG_1
404,ATCAGGTTGACCGAG_1
405,ATCAGTGACAAAGTG_1
406,ATCAGTGTGTTTCAC_1
407,ATCTCACAGTTCGTC_1
408,ATCTCGTTGATTCAC_1
409,ATCTCTCACAGACTG_1
410,ATCTGGCACAGGGAG_1
411,ATCTGGCTGTTGCTC_1
412,ATCTGGGTGTGTGAG_1
413,ATCTGTCAGACCGTG_1
414,ATCTGTGTCTTTGAG_1
415,ATCTGTGTGAGTCAG_1
416,ATCTGTTACAGTCAG_1
417,ATGACCATGTATGAG_1
418,ATGACGTAGTTAGTC_1
419,ATGAGCCTGTGAGAG_1
420,ATGAGCTACTCAGAC_1
421,ATGAGTCTCAAACTC_1
422,ATGAGTGTGAGTGTG_1
423,ATGAGTGTGTCGGTC_1
424,ATGTCATTCTGCGAC_1
425,ATGTCGAACTTAGTG_1
426,ATGTCTCAGAGGCTG_1
427,ATGTCTGTCAAGCTG_1
428,ATGTCTGTGTGAGTC_1
429,ATGTGAATCAGAGTC_1
430,ATGTGCATCAAACTG_1
431,ATGTGGGTCTGCCAC_1
432,ATGTGTAAGTTTGAC_1
433,ATGTGTTTCAATGTC_1
434,CACACTAACATCCTG_1
435,CACACTGTGTGGCTG_1
436,CACAGCTAGTAGGTG_1
437,CACAGGCTCTATCTC_1
438,CACTCAATGTGAGTC_1
439,CACTCGATGTGTGTC_1
440,CACTCGGTGAGGGTG_1
441,CACTCTGTGTTGCTG_1
442,CACTGATTCAGTGTC_1
443,CACTGGTAGTAAGAG_1
444,CACTGTCTCTACCTC_1
445,CACTGTTTGACTCTC_1
446,CAGACGGAGTGTCAG_1
447,CAGACTATCAAGCTC_1
448,CAGAGCTACATACAC_1
449,CAGAGGAACTATGAC_1
450,CAGAGGCTCATGCTG_1
451,CAGAGTTTCAGTGTG_1
452,CAGTCCGAGTTTGAG_1
453,CAGTCTCTCTTGGAG_1
454,CAGTGAAAGAGCGTG_1
455,CAGTGAGTGTCTCAG_1
456,CCCAGTGACATAGTG_1
457,CCCAGTGTGTGTCTG_1
458,CCCAGTTACATGGTG_1
459,CCCTCATTGTCACTG_1
460,CCCTGATTCAATGTC_1
461,CCCTGGCTCAAACTG_1
462,CCCTGTATCAACGTC_1
463,CCCTGTGAGAATCAC_1
464,CCGACACAGTTAGTG_1
465,CCGACCGACTGGCTC_1
466,CCGAGAGTGTTTCAC_1
467,CCGAGGATGAATGTG_1
468,CCGAGTCTCAATCTG_1
469,CCGAGTGTGTCTCAG_1
470,CCGTCGTAGTCTGAG_1
471,CCGTGATAGAATGAG_1
472,CCGTGCAACTATGAC_1
473,CCGTGCTAGTGCCAC_1
474,CGCACTAAGAGTCTC_1
475,CGCACTGTCTGGCAG_1
476,CGCAGGTTCTTGCTC_1
477,CGCAGTATGATTGAC_1
478,CGCAGTGACAGTGAG_1
479,CGCTCTCTCTTGGTG_1
480,CGCTGCGTGACCCTC_1
481,CGCTGGATCATAGAG_1
482,CGGACACAGAGAGTG_1
483,CGGACCCTCTTTGAG_1
484,CGGACGTACAGCGTG_1
485,CGGACGTTCAGAGAG_1
486,CGGACTTACAAAGTC_1
487,CGGAGAGTCTTGCTG_1
488,CGGAGCAAGAGCGTC_1
489,CGGAGGAAGTTGGTG_1
490,CGGAGTTAGTTGGTG_1
491,CGGTCACAGAGGGAG_1
492,CGGTCCCTCATAGTC_1
493,CGGTCTAAGTGTCTG_1
494,CGGTGGGTCTGGCAG_1
495,CGGTGGTTCTCTCTC_1
496,CTCACACACAAACAC_1
497,CTCACAGTCTAGGAG_1
498,CTCACCGTCTAGGAG_1
499,CTCACCTAGTCCGAC_1
500,CTCACGTTGACTCTG_1
501,CTCACTGTCTATGAG_1
502,CTCAGAATCTGGGTC_1
503,CTCAGATTCTTTCTC_1
504,CTCTGCTACTGCGTC_1
505,CTCTGGCTGTGACAC_1
506,CTCTGGTACTGTGTG_1
507,CTCTGGTAGAGGCAC_1
508,CTGAGACAGTGCCAC_1
509,CTGAGTGTCTGGCAC_1
510,CTGTCATAGAGGCAC_1
511,CTGTCCGTCAGGCAC_1
512,CTGTCCTAGTAGGTC_1
513,CTGTCTATCATAGAG_1
514,CTGTCTGTGTTAGTC_1
515,CTGTGACTGTTCGTG_1
516,CTGTGCTAGAATGTG_1
517,GACACACTGAAGGAG_1
518,GACAGGGTGTTAGTG_1
519,GACAGGTAGTATGTC_1
520,GACAGTCAGTGGGAG_1
521,GACAGTTTCTGGGTG_1
522,GACTCAGTGATCCTG_1
523,GACTCGATCACACAC_1
524,GACTCGGTGATGGTC_1
525,GACTGGGTCTCGCAC_1
526,GAGACACACTTAGTG_1
527,GAGACATTGTAGGTC_1
528,GAGACCGACAGCGTC_1
529,GAGACCGTGTGTCTG_1
530,GAGACCTTGTAGCTC_1
531,GAGAGATTCTGGGAC_1
532,GAGAGGCTGAACCTC_1
533,GAGAGTTAGTGAGTG_1
534,GAGTCAATCTTAGTG_1
535,GAGTCCAACTCACAG_1
536,GAGTCTTACTGACAG_1
537,GAGTGAATCTATCTG_1
538,GAGTGGCTCTGTCAG_1
539,GCCACCTTGTATCTC_1
540,GCCAGAGAGTTAGAG_1
541,GCCAGGAAGACGCTC_1
542,GCCAGTATCTCACTG_1
543,GCCAGTTTGTATGTC_1
544,GCCTCGGTCATCCTC_1
545,GCCTCTCTGTACGTC_1
546,GCCTGCCAGTGTCTC_1
547,GCCTGCGTGAGCGAC_1
548,GCCTGTCACTAGGAC_1
549,GCCTGTTTCATTGTC_1
550,GCGACCTTCTGAGAC_1
551,GCGACCTTGACGGTG_1
552,GCGACTCAGAGCGTC_1
553,GCGAGTCTGAATGAG_1
554,GCGAGTGTCTAGCTG_1
555,GCGTCGCAGTTTCAC_1
556,GCGTCTAACATGGTG_1
557,GCGTCTAACTCTGAG_1
558,GCGTCTTAGAAACTC_1
559,GCGTCTTAGATCGAC_1
560,GCGTGAAAGTCCGAG_1
561,GCGTGGTACTTCGAG_1
562,GCGTGTGACAGTGTC_1
563,GCGTGTGAGAGGCAG_1
564,GGCACCATGTTAGTG_1
565,GGCAGAGTGTTACAC_1
566,GGCAGCAAGTTGGAC_1
567,GGCAGGATGATTCTC_1
568,GGCAGTATGTTGGAG_1
569,GGCAGTCAGACAGTC_1
570,GGCAGTCTCAATCAC_1
571,GGCTCACTCACTGAC_1
572,GGCTCCATCAATCAC_1
573,GGCTCTTAGTTGCTG_1
574,GGCTGAATGAACGTG_1
575,GGCTGGCTGTACCAC_1
576,GGCTGGGACATAGTG_1
577,GGGACGTTGTTTCTG_1
578,GGGACTGAGAATCTG_1
579,GGGAGAATCAAGGAG_1
580,GGGAGAGTCTAACAG_1
581,GGGAGAGTGACAGAC_1
582,GGGAGGATGTGACAC_1
583,GGGAGGTACAGTCTC_1
584,GGGTCAAACAGGGAC_1
585,GGGTGACACTCGCTG_1
586,GGGTGGTAGTGGGAC_1
587,GTCACATAGTCCGTC_1
588,GTCACCCAGTCACTC_1
589,GTCACCGAGAAGGAC_1
590,GTCACGATGTTAGAG_1
591,GTCACGTACTGGGTC_1
592,GTCAGAAAGTGACAC_1
593,GTCAGGCTGAGTCTG_1
594,GTCAGGGTCTAGCTC_1
595,GTCAGGGTGTTGCTC_1
596,GTCAGTATGTAAGAG_1
597,GTCAGTCTGTCCCAC_1
598,GTCTCAAAGAGGCAG_1
599,GTCTCACACTGCCTG_1
600,GTCTCGGAGATCGAC_1
601,GTCTGTAACATCCAG_1
602,GTCTGTGTCTGGGAG_1
603,GTCTGTTTGTCTCTG_1
604,GTGACAGAGTGTGAC_1
605,GTGACAGTCAGGGTC_1
606,GTGACAGTGTCTGAC_1
607,GTGACCGACTACGTG_1
608,GTGACTGTGTGTCAG_1
609,GTGAGAGTCTCGCAG_1
610,GTGAGTAACAGGGTG_1
611,GTGTCATAGATTCTG_1
612,GTGTCATTGATGCTG_1
613,GTGTCATTGTTAGTC_1
614,GTGTCTGACTTGGTG_1
615,GTGTCTTTCTGTGTC_1
616,GTGTGCATCTATGTC_1
617,GTGTGGCTGTCGGAG_1
618,GTGTGTCACAGCGTC_1
619,GTGTGTGTGTAAGAC_1
620,GTGTGTTACATGGAG_1
621,TACACAGTCAGCCAC_1
622,TACAGAGAGTGTCTG_1
623,TACAGCCTGTTCGTC_1
624,TACAGCTAGAGTGAC_1
625,TACAGCTAGTTCGTC_1
626,TACAGGATGTATGTC_1
627,TACAGTATGTTGGTG_1
628,TACAGTCTCTCTCTC_1
629,TACTCAAACTTTGTG_1
630,TACTCCATCTAACTG_1
631,TACTCGCTCATACTG_1
632,TACTCTTTCACTCAG_1
633,TACTGGATGATAGAG_1
634,TACTGGTTGTTCCAC_1
635,TAGACACTGTTCCTC_1
636,TAGACATAGTGTGAG_1
637,TAGACGAACAGGCTC_1
638,TAGACGCTCTGTGTG_1
639,TAGACTCAGTTTGTC_1
640,TAGAGGGAGAGCCAG_1
641,TAGAGTTAGAACGAG_1
642,TAGTCCGTGTACCTC_1
643,TAGTCGAAGACCCAG_1
644,TAGTCGGTCAAGCAC_1
645,TAGTCGGTGTCAGTC_1
646,TAGTCTCAGTTACAG_1
647,TAGTGAATGAGAGTG_1
648,TAGTGATAGACGCTG_1
649,TAGTGCCTCTGAGTC_1
650,TAGTGCGACATCCAG_1
651,TAGTGTCTGATGCTG_1
652,TCCACAATCTCCGAC_1
653,TCCACATTCTTACTG_1
654,TCCACCAAGACCCTG_1
655,TCCAGAAACTTCCTC_1
656,TCCAGCTTGAGTGAG_1
657,TCCAGGATGTGTCAC_1
658,TCCAGTTAGAAGGTG_1
659,TCCTCCATGTTAGAC_1
660,TCCTCCGTCTGCCTG_1
661,TCCTCGTTGAGTGTC_1
662,TCCTCTGAGATAGTC_1
663,TCCTGGTTGAAGCAG_1
664,TCCTGTATGTGCGTC_1
665,TCCTGTCACTCCGTG_1
666,TCGACCGACTGGCTC_1
667,TCGACGTTCAGACAC_1
668,TCGAGATTCATCCTC_1
669,TCGAGCTAGTTGGAC_1
670,TCGAGGGTGTGGGAC_1
671,TCGTCGTTGATACTC_1
672,TCGTCTATCTGGGAC_1
673,TCGTCTCAGTTACAG_1
674,TCGTCTCTCTGTCTC_1
675,TCGTGAATGTGGCTG_1
676,TCGTGATTCACGCTC_1
677,TCGTGATTGTAGCAC_1
678,TCGTGCAACTGTCAG_1
679,TGCACAGTGTGGCTC_1
680,TGCACCATCAGGGTG_1
681,TGCACCATGTTACTC_1
682,TGCACGAACAAACAG_1
683,TGCACGAAGTGCGAG_1
684,TGCACGGTGAGTCTG_1
685,TGCACTTTCTGGGAC_1
686,TGCACTTTCTGTGAC_1
687,TGCAGATAGACAGAC_1
688,TGCAGGTTGAGTCAC_1
689,TGCAGTCAGTAGCTG_1
690,TGCAGTCTGAAAGTC_1
691,TGCTCAGAGATACAG_1
692,TGCTCGGAGTCTCTG_1
693,TGCTGCAAGTGTGTC_1
694,TGCTGGTTCAATCAC_1
695,TGCTGTGAGTGGCAC_1
696,TGGACGATCTCCGTG_1
697,TGGACGGTCTGTGAG_1
698,TGGAGAGACATACTG_1
699,TGGAGAGAGTCCCTG_1
700,TGGAGAGTGAAGGAC_1
701,TGGAGAGTGTCACAG_1
702,TGGAGCAAGATAGAG_1
703,TGGAGCTAGTTGCTC_1
704,TGGAGCTAGTTTCTG_1
705,TGGAGGGTGAATCTC_1
706,TGGAGGTAGTAGCAC_1
707,TGGAGGTTCATGCAG_1
708,TGGAGTTAGTACCTG_1
709,TGGTCACAGTGGCAC_1
710,TGGTCATACAGCGTG_1
711,TGGTCATACTTGCAG_1
712,TGGTCTTACATTGAC_1
713,TGGTCTTACTGCCAG_1
714,TGGTGGGTGTTCCTG_1
715,TGGTGGTAGTTAGAG_1
716,TGGTGTTACTGTCTC_1
717,TGGTGTTAGTAGGAG_1
718,TGGTGTTTCAAGCTG_1
719,TTCACCAAGTTCGTC_1
720,TTCACCTTGTCACTG_1
721,TTCAGGCTGAAGGAC_1
722,TTCAGTAACTGTGTC_1
723,TTCAGTGTCATGGAC_1
724,TTCTCAGTCTTTGTC_1
725,TTCTCTGAGTCACAC_1
726,TTCTCTTACTCCGTG_1
727,TTCTGAGACTCGGAC_1
728,TTCTGAGAGTCGCTG_1
729,TTCTGATACAAGCAG_1
730,TTCTGATTGTCAGTG_1
731,TTCTGTGAGTAAGAC_1
732,TTCTGTGTGTGACTG_1
733,TTGACCAAGATTGTG_1
734,TTGACGAAGTGAGAC_1
735,TTGACGTACTGGCTC_1
736,TTGACTCTGACGGAC_1
737,TTGACTGTCACTGAG_1
738,TTGAGAGAGATCGAC_1
739,TTGAGGCTGAGCGTG_1
740,TTGAGTAACTGTGTG_1
741,TTGAGTAAGTAGGAG_1
742,TTGTCAGAGAAGGTG_1
743,TTGTCAGTCTAGCAC_1
744,TTGTCCCACAATCTG_1
745,TTGTCCTTCTTAGAG_1
746,TTGTCGATCTTGGTC_1
747,TTGTCTATGTGAGTC_1
748,TTGTGACTGTATGTC_1
749,TTGTGATTGACAGTC_1
750,TTGTGCGTCAGTCAC_1
751,TTGTGCGTGATTCTG_1
752,TTGTGCTACATGGAG_1
753,TTGTGGAACATTGAG_1
754,TTGTGGGAGTGCGTG_1
755,TTGTGGGTCAGTGAC_1
756,TTGTGGTAGAATGTG_1
757,TTGTGTAACAGGCTG_1
758,TTGTGTAACTTGCAG_1
759,TTGTGTAAGAATCTC_1
760,TTGTGTAAGTCCGAG_1
761,TTGTGTATCATACAG_1
762,TTGTGTTAGATTCAG_1
763,TTGTGTTTGTGCGTC_1
764,AATCTAACAGACTGT_V
765,AATCTCAGTGGGTGT_V
766,AATGACGCACAGTGT_V
767,ACAGTGCGAGTCTGA_V
768,ACTGAACCTGTTTGT_V
769,AGTGAGTGACGGAGT_V
770,AGTGATCGAGAATGA_V
771,ATACTCTGAGTGTGT_V
772,ATACTGAGTCTTTCT_V
773,CAACAATCTCAATGA_V
774,CAACATTCTGTGAGA_V
775,CAAGTGAGTGGAACT_V
776,CCACTTTGTGGATGA_V
777,CGTCTAAGTGACTCT_V
778,CTAGAGCCACGATGT_V
779,CTTGTTCCTGGAAGT_V
780,GCAGAAGGTGTTACA_V
781,GCAGATGGAGTGACA_V
782,GCTCTCACACCGTGA_V
783,GCTGACTCTGGGTCT_V
784,GCTGAGGCTGGGTCT_V
785,GCTGATTGTCCAAGA_V
786,GGAGTGTGACTAACT_V
787,TAAGTTTGACGTAGT_V
788,TATCTTCCTGAATGA_V
789,TCAGACAGACTATCT_V
790,TCTCATGGAGCAACT_V
791,TCTCTTCGAGGGACA_V
792,TGTGTACGTGTGTCA_V
793,TGTGTTGCTGTAAGA_V
794,TTACTGTCAGTATCT_V
795,TTAGTGTGTGTTTGT_V
796,TTTCTATGAGAAACA_V
797,TTTGTTTCAGTTAGT_V
798,AAGTCGTAGATTCAG_1
799,ACCTGGCACACACAC_1
800,AGCACGGTCATTCTG_1
801,AGGACCATGAGGGTG_1
802,AGGAGTTTGATAGTG_1
803,ATCTGCCTGTAAGTC_1
804,ATGACGCACAGTCTG_1
805,ATGTCAGAGATACAC_1
806,CCGTGGTACAATGAC_1
807,CGGTGATTGTATCAG_1
808,CTGACGCAGAGGCAC_1
809,GCGTGAGTCTAGCAG_1
810,GCGTGTAAGATCCTC_1
811,GGCTCAGTGAGGCTC_1
812,GTCTCTGAGTTGCTG_1
813,GTGTGCGAGATGGAG_1
814,TACTGTATGTAAGAC_1
815,TAGTGTCAGTTCGTG_1
816,TCGAGGGAGTACGAG_1
817,TCGTGAGACTGGCTG_1
818,TCGTGAGTCACCGTC_1
819,TTCAGGCAGATTCAC_1
820,TTCTCATAGAGTCTC_1
821,AGTCTGGGAGGCTGA_V
